Articulo,Nombre,Bulto,Sabores,Imagen
2265,"ACEITE COCO NEUTRO ENTRENUTS ""SIN TACC"" x 200",24,,https://drive.google.com/file/d/1DT-EJI0FphtfZMGLOEMrSeYMNeaS2Dbp/view
2141,"ACEITE COCO NEUTRO ENTRENUTS ""SIN TACC"" x 360 G",12,,https://drive.google.com/file/d/152trCrtVnqrqBpTZmgkdRxJtLgjKj0VW/view
2142,"ACEITE COCO VIRGEN ENTRENUTS ""SIN TACC"" X 200 g",24,,https://drive.google.com/file/d/1bIaTu-IwSu3LSvSHplMMRH646c_O-vfl/view
2266,"ACEITE COCO VIRGEN ENTRENUTS ""SIN TACC"" X 360 g",12,,https://drive.google.com/file/d/10RUG87XYxr6t9RrYo6_F7kMzVyukmkJU/view
1011,ACEITE DE OLIVA  1 L PANNOCCHIA,6,,https://drive.google.com/file/d/1rwI76CFaX0kpWKAsnFl2qhIFeJ-cfX9B/view
1012,ACEITE DE OLIVA  1 L VID. LAUR,6,,https://drive.google.com/file/d/18MosSegYZv-so0GIc6eiDLYBvuXj6EDe/view
1008,ACEITE DE OLIVA  R.V X 3 L,3,,https://drive.google.com/file/d/1OZOxuJoqpIXHFQRDfeQiPzmnYGZtzmci/view
1002,ACEITE DE OLIVA  X 500 CC LAUR,6,,https://drive.google.com/file/d/1A2gi-MF5FPGL07b8bam7cjKarlnaRTj4/view
1013,ACEITE DE OLIVA 1/2 L VID. PANNOCCHIA,6,,https://drive.google.com/file/d/1S7OwVBL8FZwjVlnWz7lp92TIoUxcCT0Y/view
1009,ACEITE DE OLIVA EV R.V 500 CC,6,,https://drive.google.com/file/d/1KSYsbt1CWv9vqWtg_sb1PMZ3ZF-IfJTx/view
1010,ACEITE DE OLIVA EV R.V 900 CC,6,,https://drive.google.com/file/d/1a4Djen_Q5drmMmJvn9FxpbC_OqDB0twf/view
1014,ACEITE DE OLIVA EV X 5 L PANNOCCHIA,1,,https://drive.google.com/file/d/1KbxYN7XLKm24zzgQf5aZioy-3zdq1rvp/view
1908,ACEITE DE OLIVA X 3 L VERDE OLIVA,3,,https://drive.google.com/file/d/1HhWAIhOPpJBly1q13x1tYuENnT8YT2-C/view
1007,ACEITE DE OLIVA X 5 L R.V.,1,,https://drive.google.com/file/d/1H-W9VwJb8KVjAgM_o7EnQJyaFeN4CGi0/view
1894,ACEITE DE OLIVA X 900ML VERDE OLIVA,10,,https://drive.google.com/file/d/142O5TyjoOb0qFDAkbmnTDanpXRDxa8VN/view
2119,ACEITE OLIVA X 500 PET VERDE OLIVA ,20,,https://drive.google.com/file/d/1gYtu83WZXt-pZgCxGEAdD48KAGt79yvH/view
1909,ACEITEDE OLIVA X 5 L VERDE OLIVA,1,,https://drive.google.com/file/d/1-BTYBFcKSUF8WoXp9C4VcHaubtdnR55L/view
1018,ACEITUNAS DESC. X 5 KG ,1,,https://drive.google.com/file/d/1IrXSiby8oWQdE-i0SxqDTCwkHbR71K3Z/view
1020,ACEITUNAS DESCAROZADAS X 1 KG,4,,https://drive.google.com/file/d/16hKXfibLKQ8Lh7PRlZ8aE5IowuyiZm5j/view
1023,ACEITUNAS FILETEADAS  4 KG,,,https://drive.google.com/file/d/1V63rW62vAKYDRdlROHJgdKscavufYVkY/view
1021,ACEITUNAS FILETEADAS X 1 KG.,4,,https://drive.google.com/file/d/1t-h08Pj7IMggy22MBQMHcZ3NVnlrnbQT/view
1024,ACEITUNAS GRIEGAS X 1 KG,4,,https://drive.google.com/file/d/1SjcAtYy5_pKiEW-oqI36ukrQb6o0NxYr/view
1025,ACEITUNAS GRIEGAS X 1/2 KG,6,,https://drive.google.com/file/d/16Yw8SvRLXB2M439BnKEK40CIRBBSqata/view
1030,ACEITUNAS NEGRAS DESC. X 5 KG.,,,https://drive.google.com/file/d/1XZJnyE7mOf20u1N92PdrgpeoAtWKAqu-/view
2443,ACEITUNAS NEGRAS DESCAROZADAS X 3 KG,3,,https://drive.google.com/file/d/17A_aCq6JKmEtpo6fOC74wZ8HW36XueuG/view
1031,ACEITUNAS NEGRAS FILET X 5 KG.,,,https://drive.google.com/file/d/1nv0SBciMQCsB_mYpXHZnvpcr0q_VS-yj/view
1032,ACEITUNAS NEGRAS X 1 KG.,4,,https://drive.google.com/file/d/1BYQ14h8rSsKjgg9cOyNSuS0AmbtsRKVm/view
1026,ACEITUNAS NEGRAS X 5 KG Nº 0,,,https://drive.google.com/file/d/1EuNd1qNZk-VO5Nl-GgQsDnazTPCSFGb8/view
1028,ACEITUNAS NEGRAS X 5 KG Nº 1,,,https://drive.google.com/file/d/1yxpme6iPFcvA4e-R48c2aXjP8r3lof6A/view
1037,ACEITUNAS RELL. SURTIDAS X 330 GR.,6,,https://drive.google.com/file/d/1qLOJrXgCyon3PG5PfdeD4lqHaK53m6I6/view
1036,ACEITUNAS RELL. X 200 GR,6,,https://drive.google.com/file/d/1tdWgffM1O9ps3tBKETvpjZ0ze8Uc8bzs/view
1034,ACEITUNAS RELL.X 1 KG.,4,,https://drive.google.com/file/d/1zitvKdfYlxiYlemIJHm3gVNiOKjWwNqY/view
1038,ACEITUNAS VERDES DURANG N°0 X 5 KG ,,,https://drive.google.com/file/d/1vR9WOUuID4RGWbt-BGqt7mX_XgbRIvI3/view
1040,ACEITUNAS VERDES DURANG Nº 1 X 5 KG,,,https://drive.google.com/file/d/1LdblUkapivtb0I2IuG9BRiq_gz7ZX4zS/view
1043,ACEITUNAS VERDES X 1 KG Nº 00,4,,https://drive.google.com/file/d/1-z9vQ_0VyEe9tTblrjKuiokNv3ecj9If/view
1044,ACEITUNAS VERDES X 1 KG Nº0,4,,https://drive.google.com/file/d/1GUWDFv2V60PKV_pMiNbc59OmKZdEFN4o/view
1045,ACEITUNAS VERDES X 1 KG Nº1,4,,https://drive.google.com/file/d/1_JEVQnhaBGEd7N9I2nZCGb7CEOGNDCgC/view
1049,ACEITUNAS VERDES X 1/2 KG Nº 00,6,,https://drive.google.com/file/d/1xQum6K1Y6_d4pTL6TDoxM-7yFwDqPcub/view
1050,ACEITUNAS VERDES X 1/2 KG Nº 1,6,,https://drive.google.com/file/d/1SIvCTtZG5forSTYSfwmyICZU81Yw9d1P/view
1051,ACEITUNAS VERDES X 1/2 KG Nº0,6,,https://drive.google.com/file/d/1SIvCTtZG5forSTYSfwmyICZU81Yw9d1P/view
1056,ACEITUNAS VERDES X 5 KG N°0,,,https://drive.google.com/file/d/1fW8ki2roLnJqghn5joCZVDvJidwURo8g/view
1058,ACEITUNAS VERDES X 5 KG Nº1,,,https://drive.google.com/file/d/15dmMqtVkrYMDt44NoftA8jS0ejrAtnw5/view
1059,ACEITUNAS VERDES X 5 KG Nº2,,,https://drive.google.com/file/d/1YqTYHseFdYsHUexZZsHoxPRCBGkw32Ts/view
1064,"ACETO BALSAMICO 500 CC PET ""CRISTO DE LOS CERROS""",6,,https://drive.google.com/file/d/1YMehG75RBjLkKehMnf65VxkCnno2rTOm/view
2416,ACETO BALSAMICO MILLAN X 250,6,,https://drive.google.com/file/d/1IOGhOiSEQdJLK-3PEc0_qOoL5gVz6UPG/view
1066,"ACETO REDUCCIÓN X 500 CC ""RECETAS DE ENTONCES""",6,,https://drive.google.com/file/d/13zdwuvH1ANO2E6Ss6MTYIUFnMCaD7t4O/view
1067,ADEREZO  DE PICKLES X 200 GR.,6,,https://drive.google.com/file/d/1j4IFEGf_nmwwsybSEWHU_dn4b6xSip6d/view
1068,ADOBO PARA PIZZA X KG.,5,,https://drive.google.com/file/d/1Hpa-w2m8Vn_sBVxKa532gmJKiEyFaz3B/view
1079,AJI MOLIDO FINO X KG.,10,,https://drive.google.com/file/d/198MWrKl_mMZ6ML255667bHX9yqNLsuFk/view
1081,AJIES DULCES X 1 KG,,,https://drive.google.com/file/d/1BWcEZez4fE6cbydOkZpitHjT9Jx_KpwI/view
1082,AJIES DULCES X 110 GR,,,https://drive.google.com/file/d/1Hh_VZ2mQ0b63SscIg2o80_RROEm8xZFV/view
1083,AJIES PICANTES X 1 KG,,,https://drive.google.com/file/d/1pN2d2Bu2hgTzrOAIzdyltFklF27Oh8PG/view
1084,AJIES PICANTES X 110 GR,,,https://drive.google.com/file/d/16EgW37ix5K7e9cAcJs4g-B6l0MwS3s6B/view
1085,AJO EN POLVO,,,https://drive.google.com/file/d/16oa97VYpy0-t9tRPDhLj5dI78OX1A1YY/view
1088,AJO GRANULADO X KG.,,,https://drive.google.com/file/d/1i3FghkKESJrJw0LAOewl9xLoOI4Owp-a/view
1099,ALBAHACA EN HOJAS X KG,,,https://drive.google.com/file/d/1Y5V26NL92wMotUp_Jgag0SMOWwtKpu34/view
1100,ALCAPARRAS X 100 GR,,,https://drive.google.com/file/d/12kY3S9biElu2bu313qqt2eWDyQif3s38/view
2434,ALCAPARRAS X 500,,,
1842,ALMENDRA NONPAREIL  X KG,10,,https://drive.google.com/file/d/16PznJURYBrA658AwGfRM2tXNLzkz196Y/view
1113,ALMIDON DE MAIZ X KG,10,,https://drive.google.com/file/d/1-lmyboOmcA-wBKl-rgFLhLr_HUIjgD2a/view
1114,ALMOHADITAS 2 SALVADO X KG.,,,https://drive.google.com/file/d/1tWKPU9lnGg_x3xO5qKoe1Xe1Yoj0Qzby/view
1115,ALMOHADITAS CHOCOLATE X KG.,,,https://drive.google.com/file/d/1WtjiyZpSTUeVK4OcYc1z6_cZs3ZOjiHQ/view
1117,ALMOHADITAS FRUTILLA X KG.,,,https://drive.google.com/file/d/1yZdc6EAeBDlf895N0uizyQGemJi7ivZ-/view
1118,ALMOHADITAS LIMON X KG.,,,https://drive.google.com/file/d/1M76YRVivSWU1mROLRo7d1MfwQg3ypEI6/view
1121,ANILLOS DE AVENA Y MIEL X KG.,,,https://drive.google.com/file/d/1ypkgGfypNVXdAyhu3e_tctFL_pvRh2ih/view
1122,ANILLOS FRUTADOS X KG.,,,https://drive.google.com/file/d/1Ud1G3_GTKzOJlgQUuWIsDS8gW8W7uN1n/view
1123,ANIS EN GRANO X KG.,,,https://drive.google.com/file/d/10Rj5SFRP2MBT2ivj_t8FM0I3xKYEw_G7/view
1124,ANIS ESTRELLADO X KG.,,,https://drive.google.com/file/d/110BKpRZCGMZVqRQ1US6pEtFzah0Jqd00/view
1127,ARANDANOS DESHIDRATADOS X KG,,,https://drive.google.com/file/d/1-3hEiQdp5-wSKlvvcymYZu1DU6SVODsx/view
2214,"ARANDANOS X 30 COMP EL NATURALISTA""",,,https://drive.google.com/file/d/10BhNh7ksbDfRed2slcohwcZ07ApXcAXQ/view
1129,ARROPE DE CHAÑAR X 600 GR,,,https://drive.google.com/file/d/1Yc780U_gZC-cewfwA6xM2gHW-mGLIeme/view
1130,ARROPE DE TUNA X 600 GR,,,https://drive.google.com/file/d/1QpsuR12cFn9MTFbww53gb08i1_BR6UW2/view
1131,ARROZ INTEGRAL X KG.,,,https://drive.google.com/file/d/1D0a6R-nMl1uqcA7C-NRbVVYys29ljg5_/view
1133,ARROZ YAMANI X KG.,,,https://drive.google.com/file/d/1RiePI2Fs0zkEbnaZzjQuI19i3uJtcxQn/view
1134,AVELLANAS SIN CASCARA X KG,,,https://drive.google.com/file/d/1aJSoUs-mQkVvjAII9QM7n73cIpDNFwmr/view
1135,AVENA ARROLLADA GRUESA X KG,,,https://drive.google.com/file/d/1Y6Do4jttfSx_kCoknumMYRFQ8oP-lEw2/view
1136,AVENA INSTANTÁNEA X KG,,,https://drive.google.com/file/d/1T1EtpnddycW6n2lZy9DxfBBXFpMvdROQ/view
1137,AVENA TRADICIONAL X KG.,,,https://drive.google.com/file/d/1Wrrzd3hO2ew6ry9B0tZ9rpmtMPzYcWhv/view
1138,AZAFRAN ESPAÑOL X CAPSULA.,,,https://drive.google.com/file/d/1vpzc6luyyWsCPGbYK2HfZCld8GEq3Zvv/view
1140,AZUCAR IMPALPABLE X KG.,,,https://drive.google.com/file/d/1A0qdFEmUs_jNrUES8ccOmdecshqTJqma/view
1141,AZUCAR MASCABO X KG,,,https://drive.google.com/file/d/10WsWJ94Z3AzM3O5DXfjBiWYjoFBCgCk6/view
1142,AZUCAR NEGRA X KG.,,,https://drive.google.com/file/d/14zx8vpTVr0QajXK3Sfe-E-SEb5X-EwMD/view
2014,BARRA MUECAS X45GR,,,https://drive.google.com/file/d/1j9HvY5wTqfuioP8VKHYDDnwdLHIujPgg/view
2074,"BARRAS ""CRUDDA""  X40Gr - SIN TACC",,,https://drive.google.com/file/d/1xV00r5HSo3zy6rGeo_d5Yj28DoWrdl2j/view
1147,BASTONCITO SALVADO TRIGO Y AVENA X KG.,,,https://drive.google.com/file/d/19pulxRbH7xL56FagImtf_tiyKI4iPlvm/view
1150,BERENJENAS CONDIM.X 200 GR,,,https://drive.google.com/file/d/1vivsZ1XVLxnKOoE4npMrRJpz-VKziFom/view
2089,BICARBONATO DE SODIO X KG,,,https://drive.google.com/file/d/1gyE8yPEaayBGMFLEmP6B_ijIRyW9apiA/view
1154,BOLDO X KG,,,https://drive.google.com/file/d/1J9BdkXR2a7LzKz2xazGBpa8jwTd5hmcV/view
1155,BOLITAS DE CHOCOLATE X KG.,,,https://drive.google.com/file/d/1Q56-RkzQo7pP8geqUZ-AGVchPl4ItYdr/view
1475,CABARCENO PATERO BCO 6 X 750 CC,,,https://drive.google.com/file/d/1rgabQszi3nZIbpZg1D1iL4cJlB2JEvdB/view
1480,CABARCENO PATERO TTO 6 X 750 CC,,,https://drive.google.com/file/d/1TyKqf5S-oiCQZr7ew6XAmKQycBsDEGjL/view
1163,CACAO AMARGO DE BRASIL X KG.,,,https://drive.google.com/file/d/19jMlGqwqxZcMIC8f7D5QAQIHX8we9RiH/view
2216,"CAFE VERDE X 30 ""EL NATURALISTA""",,,https://drive.google.com/file/d/1s_HQee3Ct7AVUZNXKhc64AwL58l6b-XF/view
1167,CANELA EN RAMA X KG,,,https://drive.google.com/file/d/1yLOgWp7aQmQ6Gfv4Zo-XRDknTZoLqrhi/view
1168,CANELA MOLIDA X KG.,,,https://drive.google.com/file/d/1WXIYjf82ASvUYhrC3r924VmhPWNc9i3-/view
1176,CARDAMOMO X KG.,,,https://drive.google.com/file/d/1gBK5oIsBtJbQv88srpZ6DZct7McJdEX7/view
2080,"CARDOMARIANO ""EL NATURALISTA""",,,https://drive.google.com/file/d/1ZW2LgeqdKgWWlI5Tn3W0-P4xDIy3L9HN/view
2218,"CAROTENO X 10 ""EL NATURALISTA""",,,https://drive.google.com/file/d/1iFdEtBZgmu1ZI6I7Ed_HxhNyYRIDqWrP/view
1178,CASCARILLA DE CACAO X KG.,,,https://drive.google.com/file/d/15FzyEn5HGuv699E9UBWoUIJT_oI7QHZ3/view
1180,CASTAÑAS CAJÚ VIETNAM  X KG,10,,https://drive.google.com/file/d/1Xoz8PXa0yjIg4WT0HIART70CGIFopFWP/view
1182,CEBOLLA EN ESCAMAS X KG.,,,https://drive.google.com/file/d/1vASYt2UrVhhl1AA7fXeWlWxGUz7_qosQ/view
1185,CEBOLLITAS EN VINAGRE X 330 GR,,,https://drive.google.com/file/d/1mfqmzHF8EdLPlM2mrwP5hP9yFkQv3jrN/view
1186,CEREZA GLASEADA X KG,,,https://drive.google.com/file/d/1uHDLHSC6FWxCOCoC_K3kqDgLnbVptYGS/view
1188,"CEREZAS AL MARRASCHINO X 170 g ""AGROIANNI""",,,https://drive.google.com/file/d/11j2OvzMbXf8HlUc_LepoKfIJ2zhgrqpZ/view
1193,"CEREZAS AL MARRASCHINO X 330 g ""AGROIANNI""",,,https://drive.google.com/file/d/1n-AmN8O6FFR4JPZ7DXpiOGF0SKi6uoZD/view
1201,CHIMICHURRI X KG.,,,https://drive.google.com/file/d/1lqMuR5X-im_1fuC3d_k4-z-qmpWLDcBe/view
1202,CHIPS DE BANANA X KG,,,https://drive.google.com/file/d/1tHz0CPQn94o34AE_oymNrsxf_gCoDDya/view
1204,CHUCRUT X 600 GR,,,https://drive.google.com/file/d/1BLQaKI6BCeVw_78YR0DcVZBQUMm9HoVK/view
1206,CIRUELA PRESIDENTE X KG.,,,https://drive.google.com/file/d/1Tedikm7hqYFZZGrkfGX1KRlF2b1ETX8r/view
1207,CIRUELAS D`AGEN C/CAROZO X KG,,,https://drive.google.com/file/d/19xXY0pEbQvvg7sMKeDGhGmMqLaZFYnFA/view
1208,CIRUELAS TIERNIZADAS S/C X KG,,,https://drive.google.com/file/d/1UaJqE6bpmw1tzb1xHxIzodRhMBZsqcHV/view
2076,"CITRATO DE MAGNESIO ""EL  NATURALISTA""",,,https://drive.google.com/file/d/1mRf1BFbOxI8NihwSkBQUNzjwF9W-ulYC/view
2077,"CITRATO DE POTASIO ""EL NATURALISTA""",,,https://drive.google.com/file/d/11T6jTwiWh8vqbm2ReafK6EzW3UrdfWZr/view
1209,CLAVO DE OLOR ENTERO X KG.,,,https://drive.google.com/file/d/10AZzo5zHczh5mib2nk55TMhenrY2W-7G/view
1211,COCO EN ESCAMAS X KG,,,https://drive.google.com/file/d/13yWZQOqu5ijl1s3GTfAvjgy0utjCmGfq/view
1212,COCO RALLADO X KG.,,,https://drive.google.com/file/d/11d9JIijSF4dXlpzMgEpFLAulVjL2LUCH/view
2222,"COLAGENO X 10 ""EL NATURALISTA""",,,https://drive.google.com/file/d/1C0E3hELnOh-_qWk8PBY77hyIHeIwXEV6/view
1214,COMINO MOLIDO X KG.,,,https://drive.google.com/file/d/14ga-yNjWExhPg_zBqPYRP8U20XTaTPA6/view
1219,CONDIMENTO PARA ARROZ X KG,,,https://drive.google.com/file/d/1mV89rz9BTpeWR_BspWModpBzXtGtq6VP/view
1228,COPOS DE MAIZ C/AZUCAR X KG,,,https://drive.google.com/file/d/1L5n634OGcpybf7dAGm0hTnbx3y-OXPZC/view
1229,COPOS DE MAIZ X KG.,,,https://drive.google.com/file/d/1P4UdCh-pg94nJfhD1wCBCNyniZMLzkwi/view
1101,CORAZON DE  ALCAUCIL CONDIM X 330 GR,,,https://drive.google.com/file/d/1HArqd4wBBDbVAY4JGqOylHRqlV5Di-LA/view
1230,CORAZONES DE ALCAUCIL X 300 GR,,,https://drive.google.com/file/d/12iWmYR5tCjRa5eN67cw2k6eeW3AJPk_D/view
1231,CORDERO CON PIEL DEL LOBO X 750CC,,,https://drive.google.com/file/d/1Zgk69yPQ_d9hJI0W7BEhIP_EENMk5sDx/view
1411,CROTTA MISTELA  X 2 LTS,,,https://drive.google.com/file/d/1uhJS7N5HN6EZH77TPPWovn-IuDHLs037/view
1412,CROTTA MISTELA  X 750 CC,,,https://drive.google.com/file/d/1Y7Xld-8McKFgXZcbptPt0a8fZTUEjbJQ/view
1478,CROTTA PATERO  X 5 LITROS,,,https://drive.google.com/file/d/1wD8zF7aAxXE7yw01K5DGOGXHoKaAIxmP/view
1642,CROTTA VINO BLANCO  X 5 LTS.,,,https://drive.google.com/file/d/1Vb5xvBXrrM335p7llBRbPxeNXiPK1Oe4/view
1643,CROTTA VINO TINTO X 5 LTS,,,https://drive.google.com/file/d/1HKlikQO7j-ms5uN5dcUaz2wuS5-FVlRX/view
2169,"CURCUMA ACTIVADA CON PIMIENTA X 30 COMP. ""EL NATURALISTA""",,,https://drive.google.com/file/d/1_bjSV4yAeIyGT7WRMi-36m3vw2Z1eUGJ/view
1236,CURCUMA MOLIDA X KG,,,https://drive.google.com/file/d/1GPRzBVDuypLKSEti6GOGlVC9JwMRyT_s/view
1239,CURRY X KG,,,https://drive.google.com/file/d/1jA1Da9nsYkxqb064qN-deDqSVofYK_sN/view
1240,CUSCUS X KG,,,https://drive.google.com/file/d/1sPguZghZaRYhB3z_t6QWeUhnHI7gXNMp/view
1242,DATILES DE EGIPTO C/C X KG,,,https://drive.google.com/file/d/1ggYi4CGKjZ9XCLcLwiXQoKgRtp-IhCP9/view
2403,DULCE DE ALCAYOTA X 1 KG,,,
1244,DULCE DE ALCAYOTA X 500 GR,,,https://drive.google.com/file/d/1hAmK_w0nFlj5twyDbbKKPHfwotPTyCIb/view
1254,DULCE DE MEMBRILLO X 1 KG,,,https://drive.google.com/file/d/1wGO4YqplgiTtHKaJMhkW5-eC8h6xoc-1/view
1255,DULCE DE MEMBRILLO X 5 KG,,,https://drive.google.com/file/d/18drVT084LD8IWwBZBA1ckFJY3iiZpvka/view
1253,DULCE DE MEMBRILLO X 500 GR,,,https://drive.google.com/file/d/1M2tosfDbag8ZAAwyKx1kbQfsiw7okEBi/view
1681,DURAZNOS EN MITADES X 800 GR,,,
1259,ENELDO SEMILLAS X KG,,,https://drive.google.com/file/d/1sq5b7TNau_jq6mH5KVC7MCcelnmq09uL/view
1263,"ESENCIA ARTIFICIAL DE VAINILLA X 100 CC ""INDIAS"" ",,,https://drive.google.com/file/d/19bIyRbLXWdeAbAWXd48C-5h7_3Batcai/view
1264,ESPARRAGOS X 250 GR,,,https://drive.google.com/file/d/1MMKPiSQ6eUd3OsrGLPHAtSM65RCBam3x/view
1269,FECULA DE MANDIOCA X KG,,,https://drive.google.com/file/d/1Wah3NjiqyA-U8PlvyFd3LDYdIsFHdkbS/view
1270,FINAS HIERBAS X KG.,,,https://drive.google.com/file/d/1juMC_2Ac-qnLQfZCOIBapMnxOREGzAk2/view
2217,"FLEBOTONICO X 30 ""EL NATURALISTA""",,,https://drive.google.com/file/d/1F1_9MVWjAbpyX4QiKIyFh1Foh4qXMUqQ/view
1271,FRUTA ESCURRIDA X KG,,,https://drive.google.com/file/d/1Q6aYP2IupHjGyGW62HuK0yczmhzAQgvn/view
1272,FRUTA GLASEADA X KG,,,https://drive.google.com/file/d/11cW9L-NQ6hcmX5MEI-KkXIjNv-gNWyhZ/view
1954,FRUTA MULTICOLOR X KG,,,https://drive.google.com/file/d/1sJwlaZCtWN3eJshcjCjwgCc3KBQuK4fT/view
1273,FRUTILLA GLASEADA X KG,,,https://drive.google.com/file/d/1mB8nWKytdhw_aeVUxSXUXMEFg3E7Sq_E/view
2335,GARBANZOS X KG,,,https://drive.google.com/file/d/1XKJbeUo9SjbACD4dtqJQmF4u5To__P37/view
1276,GARRAPIÑADA DE MANI X KG,,,https://drive.google.com/file/d/1Aak-uAtZrdeIs0wgpM1t1J43vNSCY5bZ/view
1702,GELATINA SIN SABOR X KG,,,https://drive.google.com/file/d/1UQVEGcK8u84nFucxoQlFkI3gJjVppxfu/view
1281,GERMEN DE TRIGO NATURAL X KG.,,,https://drive.google.com/file/d/1oMEhZdsXYUDtcu9zYPz0DDc7lSkGBq68/view
2082,"GINKGO BILOBA FORTE X  COMP. ""EL NATURALISTA""",,,https://drive.google.com/file/d/1LDrJVsyrk7Y2XrmBCItUR2JiJskYgnrR/view
2078,"GLICINATO DE MAGNESIO ""EL NATURALISA""",,,https://drive.google.com/file/d/1QTEiTTOducupRnuYSwMy0yjx96l9KbER/view
1282,GLUTEN DE TRIGO X KG,,,https://drive.google.com/file/d/1W6BzCdVlZbVdA-vLPnPwztzQX5wefh_w/view
1912,GRANOLA CON CHOCO X KG,,,https://drive.google.com/file/d/1wt5BnuZzh5Ef8olB_3V36TU-2dfdI8AK/view
1286,GRANOLA MIX BERRIES X KG,,,https://drive.google.com/file/d/1y2j0FAvDW0Yp3411EB6rCjfiYk1JVbpg/view
1287,GRANOLA MIX ENERGET X KG,,,https://drive.google.com/file/d/1xZkK9rKGEu0Ih7cijzQIeR-hMUPK1nW5/view
1897,GRANOLA MIX SIN PASAS X KG,,,https://drive.google.com/file/d/1D16zkgWKPgqaxR0o7lwIlugBBDKoeM1F/view
1289,GRANOLA MIX TROPICAL X KG,,,https://drive.google.com/file/d/1vDPGng1Bx-pfymsbqZquQ8o3DuurzGou/view
1911,GRANOLA TRADICIONAL X KG,,,https://drive.google.com/file/d/1gZTHH73FsNkAfJ0CDc6u7WCmaul_3mF9/view
1293,HARINA ALMENDRAS S/ PIEL X KG,,,https://drive.google.com/file/d/1nIG8vVlVdpwVf3pmM1fRHMD7oZC5etah/view
1291,HARINA DE ALGARROBA X KG,,,https://drive.google.com/file/d/1jpPSXX6vdFBPGorCqfdhWOP1bZgoenub/view
1294,HARINA DE ARROZ X KG,,,https://drive.google.com/file/d/1Gnmcuy25XM85NbHF3ptKDTIUUxvrb1kw/view
1295,HARINA DE AVENA X KG,,,https://drive.google.com/file/d/156HiZP8rl-2TTpAp6lBpGiIP_O1W6Xti/view
1296,HARINA DE CENTENO X KG,,,https://drive.google.com/file/d/1cACKXLLx6rdjnvh7f69XoHLh6ZOT_dGv/view
1297,HARINA DE CHIA X KG.,,,https://drive.google.com/file/d/10m_L-7oc55O3wdP8gCKjcemmNCpamRFY/view
1298,HARINA DE COCO X KG,,,https://drive.google.com/file/d/1TUeRvGC1e0qrr2t2lCyAAtGlaooCzRCf/view
1299,HARINA DE GARBANZO X KG,,,https://drive.google.com/file/d/1WE3hZUJpr9AAy8kbArE1T56acjz7Sq73/view
1300,HARINA DE LINO X KG,,,https://drive.google.com/file/d/1COqF5AUobH03trgKdvqXmZzs-WJlSNAZ/view
1306,HARINA INTEGRAL FINA X KG.,,,https://drive.google.com/file/d/1ZsaH95aMHYwlxty7pXQAr6PhDqVQwfvV/view
1305,HARINA SOJA DESGR FINA X KG,,,https://drive.google.com/file/d/1cPZxHhR5GxR50Gtfbum3cbEWTSeH3GTV/view
1849,HIBISCUS FLOR X KG,,,https://drive.google.com/file/d/1uK3AI57jCBvklH2c21huCO0TzIbpimI5/view
1308,"HIGOS EN ALMIBAR X 3,8 KG",,,
1309,HIGOS EN ALMIBAR X 450 GR,,,https://drive.google.com/file/d/1PQQftkdPVjy3Cjj_EcSJpyF1jUgeZOuf/view
1310,HIGOS EN ALMIBAR X 850 GR,,,
1311,HIGOS TIERNIZADOS X KG,,,https://drive.google.com/file/d/1Q9lPGXaeVdr2bRx8us-T_J2OFgI9XW54/view
1312,HOJAS DE PARRA X 500 GR,,,https://drive.google.com/file/d/1r2V2OVRhcQ44AM-wYcqfjB3GjOIXGCIQ/view
1314,HONGOS SECOS X KG,,,https://drive.google.com/file/d/12GNbZT09bgyQDMhq775VmHtpqU8_9ued/view
1316,HUMO NATURAL X 250 ML,,,https://drive.google.com/file/d/1gtp5JtqUjuytfA2y0RkeRxLPoncp4skt/view
1319,JENGIBRE GLASEADO X KG,,,https://drive.google.com/file/d/1f8nx3YkZ3XqTBJOr7RbUnkiIuX8F9dFw/view
1320,JENGIBRE MOLIDO X KG.,,,https://drive.google.com/file/d/1v1r7FzJRkSlfaUHaVJBqvOWLnvUImi5F/view
1324,"JUGO DE ARANDANOS X 1,5 LTS.",,CON STEVIA/CON SUCRALOSA/CON SEMILLAS DE CHIA,https://drive.google.com/file/d/1EXfxe04nERNmj0f-T0n6JU8W6es32oUv/view
1325,"JUGO DE LIM, MENTA Y JENG X 1,5 LTS.",,,https://drive.google.com/file/d/1WYxSbZi5JI5x8P56d8jSnfO7ZcPIG1PB/view
1333,JULIANA SIN PAPA X KG,,,https://drive.google.com/file/d/11NW2sPd4I0-ZMrrUlZ-2vl-VrrgavtUV/view
1898,"LA IRIDE ""HUELGA DE AMORES"" X 750ml",,,https://drive.google.com/file/d/1u0-5x1L28ICM2U9tTulVhMn2vhU1MPJg/view
1337,LA IRIDE CAB ROJO X 750 CC.,,,https://drive.google.com/file/d/1QKzYtCWQYETJ1nGrM2-wqMWEis7SDOIQ/view
1338,LA IRIDE CAB SAUV PLATA X 750 CC,,,https://drive.google.com/file/d/1sjHklhAD-Ct4a7JDSOrfCbv972VfulOX/view
1341,LA IRIDE CAJA BIB CABERNET,,,https://drive.google.com/file/d/14D9sqOT9-_rccBRVU0G9rRIENmXrefG9/view
1342,LA IRIDE CAJA BIB MALBEC,,,https://drive.google.com/file/d/1piSX3cRq-k8DTKu9UX0R43DBo9I1OPqf/view
1344,LA IRIDE CHARD ROJO X 750 CC.,,,https://drive.google.com/file/d/1edBjcCwepVVkyPNTjKEsjSWXg1_hcsAh/view
1345,LA IRIDE MALBEC PARTIDA SELEC X 750 CC.,,,https://drive.google.com/file/d/1iZKFDLJFpCh45pbvIUgxjods8CtDBAIz/view
1346,LA IRIDE MALBEC PLATA X 750 CC,,,https://drive.google.com/file/d/17nmN_0lDVhTF09iBNYRh40hdDTI9Lmu-/view
1347,LA IRIDE MALBEC ROJO X 750 CC.,,,https://drive.google.com/file/d/1zd24vJ0D2FWAz7bzh6OfBt2Ed9zKKWBm/view
1348,LA IRIDE MALBEC X 5 LTROS.,,,https://drive.google.com/file/d/1J8kIR7PYApJ-phtBdykZXzK3IlBA0u_g/view
1711,LAS PERDICES ALA COLORADA ANCELLOTA X 750,,,https://drive.google.com/file/d/1DxAt8IFnWfkA4Pci_qJ0TNndoaClQgaF/view
1714,LAS PERDICES BIB PARTRIDGE MALBEC X 3 L,,,https://drive.google.com/file/d/1CjoZhLwH5JZzm87tKJW9rhOZt9e8nIT7/view
1713,LAS PERDICES BRUT ROSÉ X 750,,,https://drive.google.com/file/d/1Ek9oUju0NEohefdvkiNQEDKDdZ4qA_69/view
1705,LAS PERDICES CAB SAUV X 750,,,https://drive.google.com/file/d/1qzciXlfdSuYrO8XqsgqSz7qipQqapWjc/view
1712,LAS PERDICES EXTRA BRUT CORTO X 750,,,https://drive.google.com/file/d/1r76noGBx3eyq-qnZcZnh50zzeDF00yvA/view
1704,LAS PERDICES MALBEC X 750,,,https://drive.google.com/file/d/113WId9LJXlp8eWEsCZ4KCWnfHxyVzG_2/view
1708,LAS PERDICES PARTRIDGE CHARDONNAY X 750,,,https://drive.google.com/file/d/1ih-YMa_RJ0Um24RGCWyVFfR15ODm_buj/view
2270,LAS PERDICES PARTRIDGE ESPUMANTE X 750,,,https://drive.google.com/file/d/1Hx7u2D0V2goBLn25YTsBP_KrFmo-coBm/view
1707,LAS PERDICES PARTRIDGE MALBEC X 750,,,https://drive.google.com/file/d/1lE1YjzQ1PvLSgq1Z2DWHq4didlHmJ9kA/view
1710,LAS PERDICES RESERVA CHARDONNAY X 750,,,https://drive.google.com/file/d/1Jcg_KrV3r9okXxZ2ZiS7DUciNI6Vzk1c/view
1709,LAS PERDICES RESERVA MALBEC X 750,,,https://drive.google.com/file/d/1ME72qUpYIFSpK95o2iIVj_TDprTQHt-n/view
1706,LAS PERDICES SAUVI BLANC X 750,,,https://drive.google.com/file/d/1PsWp9E8Hw6PawSRIE9aLC3hjHWriNi0N/view
1350,LAUREL EN HOJAS X KG.,,,https://drive.google.com/file/d/19bwGgV6YoezMrNPaHJmyQgY2jXW8cmER/view
1727,LECHE DE COCO EN POLVO X KG,,,https://drive.google.com/file/d/1avRNwF5Bzk5yg3i5ZHPG-BwUMo3bhjUb/view
1358,LENTEJAS TURCAS X KG,,,https://drive.google.com/file/d/1escUDrEOQkorLP0I549-_qqKqBoCIYTV/view
1359,LENTEJAS X KG.,,,https://drive.google.com/file/d/1slNFYnthbX_QkulAuG9pmsMKgmUGQ2bz/view
1363,MACA EN POLVO X KG.,,,https://drive.google.com/file/d/1z6dH_ZbRJYvrqG5pUgHPU6wk-Jwz4J3B/view
1364,MAIZ BCO PISADO PARTIDO X KG,,,https://drive.google.com/file/d/1pE5WXu00PeFxhEhew2Is44kYfaqxQFNt/view
1365,MAIZ FRITO SALADO X KG,,,https://drive.google.com/file/d/1w8K6DYN0lCj_gFSuXDq3dJ_uV1nPv9cf/view
1366,MAIZ PISCINGALLO X KG,,,https://drive.google.com/file/d/1SUtjp1fEDZ2JDJH51o3eL4O0vGdUsF4l/view
1375,MANI C/CASCARA X KG,,,https://drive.google.com/file/d/11SXWudmCqa7TyAEUmhGj5wsAn-YIdBom/view
1378,MANI JAPONES,,,https://drive.google.com/file/d/1FDunmm6i6iGRFgxhkqK2B2qQIfSVnSZg/view
1379,MANI SABORIZADO X KG,,,https://drive.google.com/file/d/1QI0JfVC4Lyj9OaS3TMhuDQEx1ywEHv8M/view
1794,MANI TOSTADO A GRANEL X KG,10,,https://drive.google.com/file/d/1NkC1XamzQYzutSc3-T_moMnCwwFfRGji/view
1380,MANI TOSTADO SALADO X KG,10,,https://drive.google.com/file/d/1aEl6_09KtMcXJIFFqzh82v3nytZX3UfZ/view
1381,MANI TOSTADO X KG.,10,,https://drive.google.com/file/d/1WjRKtTo5EirWVe7gwDKwjb6O93qfG_J6/view
1383,"MANTEQUILLA DE MANI ""ENTRENUTS"" X 370 g",12,,https://drive.google.com/file/d/1qZh_OzE6KEBPY-1IeONmJnUF5PksSrSg/view
1384,MANZANILLA FLOR X KG,,,https://drive.google.com/file/d/1QNLQBOe62lw2pV2iskuftZfquII0mtIf/view
2088,MARCIANO WINE MALBEC,,,https://drive.google.com/file/d/1GhtivNWz_HDq4KOPmIhHB79iW57WJBSe/view
1159,MASTROENI CABERNET FRANC X 750 CC ,,,https://drive.google.com/file/d/1QlRm65Rw6haghtKgU53VelBb7XzCtAXl/view
1162,MASTROENI CABERNET X 5 LITROS ,,,https://drive.google.com/file/d/1-d6LOXIk938BDgMFOPuSF473PwsjqhBq/view
1177,MASTROENI CASA DE BARRO X 5 L,,,https://drive.google.com/file/d/1rq_Xw0VVrk9-FvNDtPXN0vatdKvJpE7J/view
1194,MASTROENI CHAMPAÑA X 750 CC ,,,https://drive.google.com/file/d/1Td-rJd40T1md29yrHUl_7_fJNIzkUHUx/view
1265,MASTROENI ESP DULCE NATURAL X 750 CC ,,,https://drive.google.com/file/d/1dal4VjBCSTX90h98Q8iopr2Znu-hTM9_/view
1369,MASTROENI MALBEC NOTABLE X 750 CC ,,,https://drive.google.com/file/d/1w5fn3pQaet43C9JFzQdygHn02lCnNhPF/view
1370,MASTROENI MALBEC R VENDIM X 5 L,,,https://drive.google.com/file/d/18YkzTcLpRK7DhUn7ReMmj9g3yhCEkaNm/view
1371,MASTROENI MALBEC ROBLE X 5 L,,,https://drive.google.com/file/d/1M5L5ToEBAF898IRNDiD8ZjCCGRGPjk7f/view
1372,MASTROENI MALBEC X 5 LITROS ,,,https://drive.google.com/file/d/1Gt0DxsYzHT4NoIeEkLkAqqsq2M9qOHhO/view
1579,MASTROENI SAUV BLANC X 5 LTS ,,,https://drive.google.com/file/d/19LZtZxfL6FL_74WOlX9gyHpgVnacfBv9/view
1394,MEDALLONES DURAZ.  X KG,,,https://drive.google.com/file/d/1MwU_DIjxJKxV2ruB339EY2Ft0EsuzXvR/view
1901,MERMELADA MQA CIRUELA X 310,,DURAZNO/MANZANA/NARANJA/CIRUELA/MEMBRILLO,https://drive.google.com/file/d/1vtJT3rgI9ZUaxgtO8W0GNYrlOpWlgOj_/view
1902,MERMELADA MQA FRUTILLA X 310,,,https://drive.google.com/file/d/1fckmpdYNEhJ_1MMdHuCMvK9G-DyEICLj/view
1906,MERMELADA NARANJA/ZANAHORIA,,,https://drive.google.com/file/d/1got4Ma1xpSNperiiDL_JS6wBBx2cdluy/view
1406,"MIEL DE ABEJA X 1 kg ""MONTE NATURAL"" - JALEA",,,https://drive.google.com/file/d/1JKsD3XI9xhwpUuvuZRI5zMUyEeqBqd7X/view
1408,"MIEL DE ABEJA X 250 g ""MONTE NATURAL"" - JALEA",,,https://drive.google.com/file/d/1vcqMzMskV0cok-aTNgkYaP_za2vdYYga/view
1410,"MIEL DE ABEJA X 500 g ""MONTE NATURAL"" - JALEA",,,https://drive.google.com/file/d/1InBwP0KdXp-jGKcN5fnd9K5wvxGwvqUJ/view
1418,MIX  4 PIMIENTAS,,,https://drive.google.com/file/d/1DVNqaSTba29hzHds0u5V_yPPvgetHbOP/view
1414,MIX 10 SEMILLAS SALUD X KG,,,https://drive.google.com/file/d/1InT8e4hgCMES-HaEHVsX-HEMW3usJiK3/view
1415,MIX 7 SEMILLAS SALUD X KG,,,https://drive.google.com/file/d/1EUOkZXnMkbQMN6QUxP4oRDONirUEzQAz/view
1416,MIX CERVECERO X KG,,,https://drive.google.com/file/d/1OCCwZkBFZdM5oEWywgt5TXQ1goqX7DwU/view
1420,MIX DE FR SECOS/ CEREALES X KG,,,https://drive.google.com/file/d/1TCuxTDvR1TQStSjdj2qbCXYyMCd_Gv7h/view
1421,MIX DE SLLAS  ADELGAZ X KG,,,https://drive.google.com/file/d/1nR6et-acgtUJNIb4HAqHRM2u5YafBwoH/view
1426,MIX PATAGONICO X KG,,,https://drive.google.com/file/d/15FkU9Z-6lQxlQEVG2LpSA6SAIQ6JsNjA/view
1660,MIX SALADO X KG,,,https://drive.google.com/file/d/1eZQKbgdKDK9dmVT4r8IdA7CZyNIe_QLq/view
2228,MIX SIN PASAS PREMIUM X KG,,,https://drive.google.com/file/d/1mxIbgm9P-xQtXref_PIV0oxiCeJH0WBC/view
1422,MIX SLLAS PARA ENSALADA X KG,,,https://drive.google.com/file/d/1lychDVWnIk3kyFMKIbfHgZiWaGbUcAXD/view
1429,MIX TRADICIONAL X KG,,,https://drive.google.com/file/d/1-roSiofiHxkMmDM-Bd_K_DBgWcXC8Ge0/view
1430,MIX TROPICAL X KG.,,,https://drive.google.com/file/d/1GoCWwa9uCvBeTnZeY6KA0pYRGoSCytkb/view
1436,MOSTAZA EN GRANOS X KG,,,https://drive.google.com/file/d/12NL4LoDCzWXURU_f8oZYlHl4KxK3nRIv/view
1446,NUEZ CON CASCARA X KG,10,,https://drive.google.com/file/d/1CyU_LATUzon6ngDDu-XQ0RTSmr-E_1nj/view
1441,NUEZ CUARTILLO X KG,10,,https://drive.google.com/file/d/14S3MSYxxh2QTPkE9oteOswe1cHG7X6Dl/view
1444,NUEZ CUARTOS EXTRA LIGHT X KG. ,10,,https://drive.google.com/file/d/1MB1Am7Flj0zouPjSJu6ujxHxUNpim0Fe/view
1445,NUEZ CUARTOS LIGTH X KG,10,,https://drive.google.com/file/d/1RyQfFCD3Rz7nBnh11Udnd-ziuNEtWWL-/view
1448,NUEZ MARIPOSA AMBAR X KG,10,,https://drive.google.com/file/d/1Im4LruDscpRkviLjvTdXNQ8hEC_BMGLa/view
1716,NUEZ MARIPOSA EXTRA LIGHT X KG,10,,https://drive.google.com/file/d/167aPKGseonfAupfKO_SlZyXf4KgRZuGN/view
1450,NUEZ MARIPOSA LIGHT X KG,10,,https://drive.google.com/file/d/1rjXARkriZMbrdSDNvJ7iOKfGBHxI-Pki/view
1451,NUEZ MOSCADA ENTERA X KG,,,https://drive.google.com/file/d/1cnsk6mLfHOJqVApd28MQT1AKNt0PRNOW/view
1452,NUEZ MOSCADA MOLIDA X KG.,,,https://drive.google.com/file/d/1eUcDhT0z9fB8vtXkXh15nPzu2iBvpF4W/view
1455,OREGANO  KG.,,,https://drive.google.com/file/d/1yMf1m6G2q8Frzabb5BW8NKtODUA8obGd/view
1670,PANKO X KG,,,https://drive.google.com/file/d/1-WEuzI3iwOy7xxSoPW9YCPAbQGl56JKO/view
2440,PASAS DE UVA CEREZA CON SEMILLA X KG,,,https://drive.google.com/file/d/1Pu2D-RFY57UtSR3BJHr4uot2JKPFAj9Z/view
1955,PASAS MOROCHAS SIN SEMILLA X KG,,,https://drive.google.com/file/d/16DnWqgTXff5E0l4ItsA2jI9UNtPPwJjQ/view
1461,PASAS RUBIA SIN SLLA X KG,,,https://drive.google.com/file/d/1NechloJwourKBTRFWmgNSqLXsMQsz0n6/view
1462,"PASTA ACEITUNAS CONDIM. X 110 g ""AGROIANNI""",6,,https://drive.google.com/file/d/1vzCEHJpv2hiwS67v8pR-GJ6lF-W80lpk/view
1463,"PASTA ACEITUNAS NEGRAS X 200 g ""AGROIANNI""",6,,https://drive.google.com/file/d/1buCE3EFB7RkTuMG-ASjK3Nxg3q75DiIM/view
1464,"PASTA ACEITUNAS VERDES X 200 g ""AGROIANNI""",6,,https://drive.google.com/file/d/1rBrhMaOTZQDoRZ-mg8FcN1UNx6rqOFb2/view
1465,PASTA DE AJI PICANTE X 90 GR,,,https://drive.google.com/file/d/1ohqcAqI8AL-EC5LjkeUkqDhABoAQveGT/view
1468,"PASTA DE AJOS X 200 g ""AGROIANNI""",,,https://drive.google.com/file/d/17Pgy7j7d1imNitgjwygMj7NeBAEpfqty/view
1483,PEPINILLOS EN VIN. X 200 GR,,,https://drive.google.com/file/d/1nEelTmFJZrjqSq7p0EwbED2HusfWFMnl/view
1484,PEPINILLOS EN VINX 2 KG,,,
1486,PEPINOS AGRID X 200 GR,,,https://drive.google.com/file/d/1rbWPIrlmT8AXr8b8D_p3U6D4vzMWtX9m/view
1485,PEPINOS AGRIDULCES X 2 KG,,,https://drive.google.com/file/d/18oagYue8Sn9SILkvSuXkn6_RL50CEq1J/view
1488,PERAS WILLIAMS X KG,,,https://drive.google.com/file/d/1G2SEtD_Q1ayam3utq_qterHqoY4_g2kP/view
1489,PEREJIL EN HOJAS X KG.,,,https://drive.google.com/file/d/1OeCEZFYqtxbq7SqE5DRfA2rSgTYv7CKG/view
1492,PERRO CALLEJERO MALBEC X 750CC,,,https://drive.google.com/file/d/1z0EoQknV86zlpWkN8iuU-Mk-5TVsYNzv/view
2230,PERRO CALLEJERO SAUV BLANC X 750,,,https://drive.google.com/file/d/1ZvasdLeZj9x0Jj_TTNDUL9JDzuz1VLEB/view
1495,PESTO X KG,,,https://drive.google.com/file/d/1LJ1PlblZ5K8uEGN6YVmTJeQ0_-Osu_Xi/view
1498,PICKLES GARRAFA X 1 KG.,,,https://drive.google.com/file/d/1V6zbXFjQ22ujxMeYxbFqHHjvV3vvmllH/view
1500,PICKLES MIXTOS X 2 KG,,,https://drive.google.com/file/d/1_EPfAb0zdTKvPLAhOvXG9PzGH7IH3G1n/view
1501,PICKLES MIXTOS X 200 GR,,,https://drive.google.com/file/d/107SDn-Azkil7saO8rw2P0EiAUr0waCpP/view
1502,PIMENTON AHUMADO X KG,,,https://drive.google.com/file/d/1g4iUJlyTNJDMWuReSIz7Zj1rFsvzBQHT/view
1505,PIMENTON EXTRA X KG,,,https://drive.google.com/file/d/1lt0m49r-BrAum_Getg5jMBEsT0qczVoB/view
1506,PIMENTÓN PICANTE X KG,,,https://drive.google.com/file/d/1BN3SVwCyqDoexQPUthY_HdZHyE77FoKq/view
1508,PIMIENTA BCA  EN GRANO X KG,,,https://drive.google.com/file/d/1T9Zn-xWhkudQKANj5snd4wP1DuH4YV6Z/view
1510,PIMIENTA BCA MOLIDA X KG,,,https://drive.google.com/file/d/1wkGfk3jIyIrwEE48vXAgvrg1Il2WZ1Fx/view
1511,PIMIENTA CAYENA MOLIDA X KG.,,,https://drive.google.com/file/d/13TPC5vKbG93xfKC4XxPSvxTCn8sPwvuu/view
1512,PIMIENTA NEGRA EN GRANO X KG.,,,https://drive.google.com/file/d/1tPjQrMloQfj3JjOhMasP_dlixSDPQjEJ/view
1513,PIMIENTA NEGRA MOLIDA X KG,,,https://drive.google.com/file/d/1hi7X5XMAir413dFUdW75r2zVda2Gq8O8/view
1517,PIMIENTOS ENTEROS X 200 GR ,,,https://drive.google.com/file/d/1BhHbSJOybTW6hq41WT8IyXBoPsd2Bo5f/view
1518,PIMIENTOS X 3 KG DURANG,,,https://drive.google.com/file/d/1f3fnLPdyCJgQxNvCt6a59KO5s4du8gic/view
1522,PISTACHOS CON CÁSCARA X KG,,,https://drive.google.com/file/d/1NN9wZhH-cezQ5-KsuvBegMHA2zb-MY1p/view
2369,PISTACHOS NATURALES SIN CÁCARA X KG,,,https://drive.google.com/file/d/1ao2TPp5bV6oht4e9lYmJGp2QLY5VMn9q/view
2348,POLVO PARA HORNEAR X KG,,,https://drive.google.com/file/d/1GHmgiodbITLTxkJV3qFZXUV9Aadydfhl/view
1525,POROTO ALUBIA KG,,,https://drive.google.com/file/d/1I_F4e8zp0POt39Pd8VwSsuvbbykETqGh/view
1526,POROTO COLORADO X KG.,,,https://drive.google.com/file/d/15OvvAj21joCbNLGkftgCNhSPaUNr220O/view
1527,POROTO MANTECA X KG.,,,https://drive.google.com/file/d/1DOaTcIHDAnzRceH8hNaiC__obEZ0FIpk/view
1528,POROTO MUNG X KG,,,https://drive.google.com/file/d/1qQ9AnZelzZYUf4oa9RO8rqrWZ0l0a-Zu/view
1529,POROTO NEGRO X KG.,,,https://drive.google.com/file/d/1icVRyx_qdajfilS1zIseAyhcHp8l1J2N/view
1530,POROTOS CONDIM X 200 GR,,,https://drive.google.com/file/d/1Rx-J6sU7eIk04R6Pbgus1eLIXr1qXILw/view
1532,POROTOS DE SOJA X KG,,,https://drive.google.com/file/d/1WSc31MWHh-HRvIhrvNhmmhAfTnd15B7E/view
1533,POROTOS PALLARES X KG,,,https://drive.google.com/file/d/1A6IvTffQGWkXbA_df1BjG6PU1xfYzbtP/view
2211,"POTASIO + MAGNESIO X 30 ""EL NATURALISTA""",,,https://drive.google.com/file/d/1Iv5tdvKwOpKO6Rzz6TxKc_DMQcNaZe5y/view
1540,PREMEZCLA P/PANIF S/TACC X 5 KG,1,,https://drive.google.com/file/d/1EUOyd7zoogcfYInwtJx7TuNXGgfZP3z9/view
1539,PREMEZCLA P/PANIFI S/ TACC X 1 KG,,,https://drive.google.com/file/d/1AArFpNAsJMiKaioobLq10nd2mYy-HhNU/view
2221,PROPOLEO LIQ X 100 ML,,,https://drive.google.com/file/d/1_Y9tRfuTxV0SH6V-mCLQc_H47GIzLcIf/view
1545,PROVENZAL X KG.,,,https://drive.google.com/file/d/17w5cGRIkWOcIpmnEdmKbSDOrHGxvfLGp/view
1549,QUINOA INFLADA X KG.,,,https://drive.google.com/file/d/1qMBmu67kSyesq1C7FxsBaowJl7dUlj1m/view
1551,QUINOA X KG,,,https://drive.google.com/file/d/1xbAfHO6CojfLyNemnawXyxFYcfRzikWE/view
1553,REBOZADOR S/GLUTEN X 500 GR,,,https://drive.google.com/file/d/1yReT-Turkk1tY0nHBeuvtKI0k9MbldWe/view
2168,"REDUCTOR BLISTER  X 10 COMP.""EL NATURALISTA""",,,https://drive.google.com/file/d/12YoRropKuis3u99GklU7H7xDfeiXtbfr/view
2212,"RESVERATROL X 30 ""EL NATURALISTA""",,,https://drive.google.com/file/d/1mj8CgaMA7ha8Jb3qESVj3K5loT7Uw2qJ/view
1555,ROMERO EN HOJAS X KG.,,,https://drive.google.com/file/d/1vWdRDWMaE8T2WSpKKShPlQdpYaPO0cWU/view
1557,SAL DEL HIMALAYA FINA X 1 KG,,,https://drive.google.com/file/d/1U5PFIgWHbY67ysXa_lu9whBjqAT9YNRE/view
1558,SAL DEL HIMALAYA GRUESA X KG.,,,https://drive.google.com/file/d/1vsKmt8U8fR6oF5KFcBFk_AxxLbc_ePAK/view
1561,SAL MARINA FINA X 500 GR.,,,https://drive.google.com/file/d/1JW_l3VBVspy2lhVkPC9xuo1uDcrTRCEI/view
1562,SAL MARINA GRUESA X 500 GR,,,https://drive.google.com/file/d/13lLlZwl1jv7l5nCO7mFIrtPptQB-uJGa/view
1687,SALSA AJI PICANTE X 180 CC,,,https://drive.google.com/file/d/16NM2mXxE9wmmviLwe2JRjvbOGM1Em8wZ/view
1564,SALSA BARBACOA X 250 GR,,,https://drive.google.com/file/d/1bY8J4X9RrzR-JertLG3b3yZMD7JUkWmK/view
1803,SALSA CESAR 250 GR,,,https://drive.google.com/file/d/1Pq0cJ-1LSi77WGA6LA0oqOj_yIBOcqdy/view
1571,SALSA DE SOJA X 180 CC,,,https://drive.google.com/file/d/1PAn7aEWgCX6yH7pqg9NMjr3VaqWWthZM/view
1572,SALSA INGLESA X 180CC.,,,https://drive.google.com/file/d/1HDJpD8B9sGWVFgF4ceE_SwUCfGpcsoi7/view
1720,SALSA JALAPEÑO AHUMADA X 180,,,https://drive.google.com/file/d/12ILZ8XNqWXJkP3_9pMAB3fhMup_FFwdU/view
1573,SALSA JALAPEÑO ROJA X 180 CC,,,https://drive.google.com/file/d/1asGGwtSe0cqp2XNIqImcedqdrNWeXWpa/view
1683,SALSA JALAPEÑO VERDE X 180 CC,,,https://drive.google.com/file/d/1q_Xb0TfIyGC8Fs3kssRQ3E8i4tnHKchE/view
1575,SALSA TERIYAKI X 250 CC,,,https://drive.google.com/file/d/1WWLAbPz_UE6xIEQB4dSwtnaR-wwH-cMX/view
1576,SALVADO DE AVENA X KG,,,https://drive.google.com/file/d/1gxl-jXMDRe0kmkcuWjjEXXrheLhg9U6B/view
1581,SEMILLA DE AMAPOLA X KG.,,,https://drive.google.com/file/d/1VmZLiO-xIzIJJcpeVOJx_sRcZJYq5fDQ/view
1582,SEMILLA DE AMARANTO X KG,,,https://drive.google.com/file/d/1JFohlL9RQLyNqujV-it2FAN3OD0FABCz/view
1583,SEMILLA DE CHIA NAC X KG.,,,https://drive.google.com/file/d/1ME-FslO5MCT0b8zxrAYYO5qBSABwoups/view
1585,SEMILLA DE GIRASOL X KG.,,,https://drive.google.com/file/d/1Y2JjGos7sMWgM_HE8pv4kckC4Gm2IqOf/view
1586,SEMILLA DE LINO X KG,,,https://drive.google.com/file/d/14TN7hReQdbtp9qOxRIZDajh3uQjWgeRa/view
1587,SEMILLA DE ZAPALLO PELADO X KG.,,,https://drive.google.com/file/d/1U5Jqu_LvImJMk1FQxUZXFHfBOJTdhqU3/view
1588,SEMOLIN DE TRIGO X KG,,,https://drive.google.com/file/d/1UtsX5YjWXAu07-Ed6gveeJzohaxkneVS/view
1589,SESAMO BLANCO X KG.,,,https://drive.google.com/file/d/1TJo2uLiPOEgZOATf1wO0JB8z1RnxEHAE/view
1591,SESAMO NEGRO X KG,,,https://drive.google.com/file/d/1Swj7aBCK-fyxBsGtSTDo_lgi458DsdBK/view
1618,TE NEGRO X KG ,,,https://drive.google.com/file/d/1dGOBaewCvDdS7hQePJAAS1_3kdO8K0v-/view
1619,TE ROJO X KG,,,https://drive.google.com/file/d/12_ZoGdYCPG1kIPt7Oo0POqHTiytwW_gF/view
2048,TE VERDE X KG,,,https://drive.google.com/file/d/1l7WWaMGL6b7nDuwFaqv24_5PQrOKyDmY/view
1621,TEXTURIZADO DE SOJA X KG,,,https://drive.google.com/file/d/1D_fGjQywNcrZ896fGjFIfLXKj1JpPWF4/view
1630,TOMATE CONDIM X 1 KG,,,https://drive.google.com/file/d/16ZKyNcd8si7dN1PdrgmKfPOvPb2wQSG8/view
1632,TOMATE SECOS X KG,,,https://drive.google.com/file/d/10_jDExoNlrLxBgITNPWTHv_6tajstWsy/view
1625,TOMATE TRITURADO 12 X 500 CC,1,,https://drive.google.com/file/d/19-R8DMiDXgHLFyC3iTJpTo9RsWhJvg5s/view
1626,TOMATE TRITURADO 8 X 1 KG,1,,https://drive.google.com/file/d/18UkJBSHjjOhN6JCT4K9NstlgUQLwVxIl/view
1633,TOMILLO X KG,,,https://drive.google.com/file/d/1a0m5cEXMmOz7pkmjj4Gyw95hUopWYwxt/view
1634,TRIGO BURGOL X KG,,,https://drive.google.com/file/d/1bcYWDQeqjGLrFWmRftGMapjTeuJ89R0m/view
1635,TUTUCAS CON AZUCAR X KG,,,https://drive.google.com/file/d/1hF12REdli5qnypdctorBmKVdPaKIP08A/view
2175,"VALERIANA BLISTER  X 10 COMP. ""EL NATURALISTA""",,,https://drive.google.com/file/d/115lp6NWTavctF6OVKOnt9x3yK3IiiUFF/view
2404,VARGAS LINARES MALBEC,,,
1637,VINAGRE DE ALCOHOL X 1 L,,,https://drive.google.com/file/d/1ptZ3fLsM7tCWMSAydBBK--WkVZ2mdals/view
1638,VINAGRE DE MANZANA X 1 L,,,https://drive.google.com/file/d/1Fs4XLnu7JdWHpLsF-6X7zhnfFyVAQp1s/view
1639,VINAGRE DE VINO X 1 L,,,https://drive.google.com/file/d/1yHwikOO8DfT2iRsVUjIG1jg68yrIPabq/view
2213,"VITAMINA B12 X 30 ""EL NATURALISTA""",,,https://drive.google.com/file/d/11_XAlYVgZM3fumXDJXiSGTq2aGJ9SVYd/view
2311,"VITAMINA C ""EL NATURALISTA"" X 60 COMP",,,https://drive.google.com/file/d/1NrBm8NMhPYTr-Hb6q8Ve-oEMxPBUb5dr/view
2083,"VITAMINA E X 10 COMP. ""EL NATURALISTA""",,,https://drive.google.com/file/d/1weRPLU43kGxL6auIAANb-XtdqE7F17Je/view
1879,YOGHURT ANANA X 1 L,,,https://drive.google.com/file/d/1L6coloeF1-2zDq4b27zPmCTTVXPtLJVV/view
1812,YOGHURT DURAZNO X 1 L,,,https://drive.google.com/file/d/1EWWPP7x8SUFJ8yR_tk9QDhRpRKU6och-/view
1811,YOGHURT FRUTILLA X 1 L,,,https://drive.google.com/file/d/1ObMzOZYegrCtbKMYTSyhdT21L46YPUim/view
1809,YOGHURT NATURAL AZUCARADO X 1 L,,,https://drive.google.com/file/d/1tntexNF7KmllWMy6boAcMTkFVN0vC4PC/view
1810,YOGHURT NATURAL SIN AZUCAR X 1 L,,,https://drive.google.com/file/d/1WHsIubNEGfZH0pkrpRAQdc2bGfW-vivv/view
1655,"ZAPALLO EN ALMIBAR X 3,8 KG",,,
1656,ZAPALLO EN ALMIBAR X 360,,,https://drive.google.com/file/d/1o94OU9WC3fRCpzE3YSs4BGzvAWi8Vd1H/view
1657,ZAPALLO EN ALMIBAR X 850 GR,,,https://drive.google.com/file/d/1QsTeAiGKDuzItYqA2LDRvKjPyhStij2n/view
2079,"ZINC ""EL NATURALISTA""",,,https://drive.google.com/file/d/1aeTTL6PsbNFHvzZWpXgTZ6Y4mb8Hap9C/view
1903,MERMELADA MQA MEMBRILLO X 310,,,
1904,MERMELADA MQA NARANJA X 310,,,
1905,MERMELADA MQA MANZNANA X 310,,,https://drive.google.com/file/d/1MVyM-Vi1dHHkCyOi9AXc9mkWSm5U18Ub/view
1907,MERMELADA MQA DURAZNO X 310,,,
2330,PASTA ALCAUCILES X 200,,,
2085,"PROPOLEO EXT LIQUIDO X 30ml""el naturalista""",,,